choice,donor_health_status,,15,donor_health_status_ontology_term_intermediate_order_unique,,19,donor_health_status_ontology_term_high_order_unique,,8,donor_health_status_ontology_term_intermediate_order,,11,donor_health_status_ontology_term_high_order,,20,disease,,20,disease_ontology_term_intermediate_order_unique,,12,disease_ontology_term_high_order_unique,,6,disease_ontology_term_intermediate_order,,32,disease_ontology_term_high_order,,53,Sample_disease_high_level,Donor_disease_granular_manual,Donor_disease_high-Level_manual,Sample_disease_intermediate_level,Additional_info,ncit_curie,disease,donor_health_status,none_cancer_disease
2,Pancreatic Intraductal Papillary-Mucinous Carcinoma,1,X,Neoplasm by Obsolete Classification,1,X,Neoplasm by Obsolete Classification,1,,Neoplasm by Obsolete Classification,1,,Neoplasm by Obsolete Classification,1,,Pancreatic Intraductal Papillary-Mucinous Carcinoma,1,,-blank-,278,,-blank-,278,,-blank-,278,,-blank-,278,,Cancer,Pancreatic Intraductal Papillary-Mucinous Carcinoma,Neoplasm by Obsolete Classification,Carcinoma,Adjusted term,,Pancreatic Intraductal Papillary-Mucinous Carcinoma,Pancreatic Intraductal Papillary-Mucinous Carcinoma,
2,Thyroid Gland Papillary Carcinoma,6,,Adenocarcinoma,7,,Epithelial Neoplasm,25,,Endocrine System Disorder,26,,Epithelial Neoplasm,10,,Thyroid Gland Follicular Adenoma,4,,Endocrine System Disorder,19,,Epithelial Neoplasm,27,,Endocrine System Disorder,18,X,Epithelial Neoplasm,5,X,Cancer,Epithelial Neoplasm,Endocrine System Disorder,Carcinoma,High level,NCIT:C3502,Thyroid Gland Follicular Adenoma,Thyroid Gland Papillary Carcinoma,
2,-blank-,1471,,-blank-,1521,,-blank-,1521,,-blank-,1521,,-blank-,1521,,Renal Cell Carcinoma,8,,Genitourinary System Disorder,14,,Epithelial Neoplasm,27,,Carcinoma,22,X,Malignant Neoplasm,297,X,Cancer,Carcinoma,Malignant Neoplasm,Carcinoma,High level,NCIT:C9385,Renal Cell Carcinoma,-blank-,Malignant Neoplasm
1,Adenocarcinoma of liver,1,,-blank-,1521,,-blank-,1521,,-blank-,1521,,-blank-,1521,,Hepatic Steatosis,7,X,Finding,13,,Finding,13,,Finding,13,,Finding,13,,Disease ,Hepatic Steatosis,Hepatic Steatosis,Finding,Adjusted term,NCIT:C150596,Hepatic Steatosis,Adenocarcinoma of liver,
1,Adenosquamous Carcinoma,2,,Mixed Neoplasm,2,,Epithelial Neoplasm,25,X,Mixed Neoplasm,2,,Epithelial Neoplasm,10,,Adenosquamous Carcinoma,2,,-blank-,278,,-blank-,278,,-blank-,278,,-blank-,278,,Cancer,Epithelial Neoplasm,Epithelial Neoplasm,Carcinoma,Adjusted term,,Adenosquamous Carcinoma,Adenosquamous Carcinoma,Malignant Neoplasm
2,Ampulla of Vater Adenocarcinoma,1,,Adenocarcinoma,7,x,Digestive System Neoplasm,47,,Glandular Cell Neoplasm,5,,Digestive System Disorder,73,X,Ampulla of Vater Adenocarcinoma,1,,-blank-,278,,-blank-,278,,-blank-,278,,-blank-,278,,Cancer,Glandular Cell Neoplasm,Digestive System Neoplasm,Carcinoma,Adjusted term,,Ampulla of Vater Adenocarcinoma,Ampulla of Vater Adenocarcinoma,Malignant Neoplasm
2,Breast Carcinoma,1,,Breast Disorder,1,,Epithelial Neoplasm,25,,Breast Disorder,1,,Epithelial Neoplasm,10,,Breast Carcinoma,1,,Breast Disorder,1,,Epithelial Neoplasm,27,,Carcinoma,22,X,Malignant Neoplasm,297,X,Cancer,Carcinoma,Malignant Neoplasm,Carcinoma,High level,NCIT:C4872,Breast Carcinoma,Breast Carcinoma,Malignant Neoplasm
2,Colon Carcinoma,12,,Colon Neoplasm,30,,Epithelial Neoplasm,25,,Malignant Colon Neoplasm,27,X,Digestive System Disorder,73,X,-blank-,220,,-blank-,278,,-blank-,278,,-blank-,278,,-blank-,278,,Healthy/None,Malignant Colon Neoplasm,Digestive System Disorder,None,Adjusted term,,-blank-,Colon Carcinoma,None
2,Colon Undifferentiated Carcinoma,3,,Colon Neoplasm,30,,Digestive System Neoplasm,47,,Malignant Colon Neoplasm,27,,Digestive System Disorder,73,,Colon Undifferentiated Carcinoma,1,,Colorectal Neoplasm,8,,Epithelial Neoplasm,27,,Carcinoma,22,X,Malignant Neoplasm,297,X,Cancer,Carcinoma,Malignant Neoplasm,Carcinoma,High level,NCIT:C7100,Colon Undifferentiated Carcinoma,Colon Undifferentiated Carcinoma,Malignant Neoplasm
2,Gastric Carcinoma,14,X,Stomach Disorder,14,,Digestive System Neoplasm,47,,Stomach Disorder,14,,Digestive System Disorder,73,X,-blank-,220,,-blank-,278,,-blank-,278,,-blank-,278,,-blank-,278,,Healthy/None,Gastric Carcinoma,Digestive System Disorder,None,Same donor,,-blank-,Gastric Carcinoma,None
2,Grade 1 Colon Adenocarcinoma,12,,Colon Neoplasm,30,,Digestive System Neoplasm,47,,Malignant Colon Neoplasm,27,X,Digestive System Disorder,73,X,Grade 1 Colon Adenocarcinoma,4,,Colorectal Neoplasm,8,,Epithelial Neoplasm,27,,Carcinoma,22,,Malignant Neoplasm,297,,Cancer,Digestive System Disorder,Malignant Colon Neoplasm,Carcinoma,Adjusted term,NCIT:C9452,Grade 1 Colon Adenocarcinoma,Grade 1 Colon Adenocarcinoma,Malignant Neoplasm
2,Hilar Cholangiocarcinoma,2,,Hepatobiliary Neoplasm,4,X,Digestive System Neoplasm,47,,Glandular Cell Neoplasm,5,,Digestive System Disorder,73,X,Hepatic Steatosis,7,,Finding,13,,Finding,13,,Finding,13,,Finding,13,,Disease ,Hepatobiliary Neoplasm,Digestive System Disorder,Finding,Adjusted term,NCIT:C150596,Hepatic Steatosis,Hilar Cholangiocarcinoma,
1,Liver carcinoma,8,X,-blank-,1521,,-blank-,1521,,-blank-,1521,,-blank-,1521,,-blank-,220,,-blank-,278,,-blank-,278,,-blank-,278,,-blank-,278,,Healthy/None,Liver carcinoma,Liver carcinoma,None,Adjusted term,,-blank-,Liver carcinoma,None
2,None,559,,General Qualifier,559,,General Qualifier,559,,None,559,,None,559,,Adenocarcinoma,1,,Adenocarcinoma,1,,Epithelial Neoplasm,27,,Carcinoma,22,X,Malignant Neoplasm,297,X,Cancer,Carcinoma,Malignant Neoplasm,Carcinoma,High level,NCIT:C2852,Adenocarcinoma,None,Malignant Neoplasm
2,None,559,,General Qualifier,559,,General Qualifier,559,,None,559,,None,559,,Cervical Adenocarcinoma,1,,Genitourinary System Disorder,14,,Epithelial Neoplasm,27,,Carcinoma,22,X,Malignant Neoplasm,297,X,Cancer,Carcinoma,Malignant Neoplasm,Carcinoma,High level,NCIT:C4029,Cervical Adenocarcinoma,None,Malignant Neoplasm
2,None,559,,General Qualifier,559,,General Qualifier,559,,None,559,,None,559,,Colorectal Adenocarcinoma,1,,Colorectal Neoplasm,8,,Epithelial Neoplasm,27,,Carcinoma,22,X,Malignant Neoplasm,297,X,Cancer,Carcinoma,Malignant Neoplasm,Carcinoma,High level,NCIT:C5105,Colorectal Adenocarcinoma,None,Malignant Neoplasm
2,None,559,,General Qualifier,559,,General Qualifier,559,,None,559,,None,559,,Colorectal Carcinoma,1,,Colorectal Neoplasm,8,,Epithelial Neoplasm,27,,Carcinoma,22,X,Malignant Neoplasm,297,X,Cancer,Carcinoma,Malignant Neoplasm,Carcinoma,High level,NCIT:C2955,Colorectal Carcinoma,None,Malignant Neoplasm
2,None,559,,General Qualifier,559,,General Qualifier,559,,None,559,,None,559,,Embryonal Carcinoma,1,,Malignant Germ Cell Tumor,1,,Malignant Germ Cell Tumor,1,,Malignant Germ Cell Tumor,1,X,Malignant Neoplasm,297,X,Cancer,Malignant Germ Cell Tumor,Malignant Neoplasm,Carcinoma,Adjusted term,NCIT:C3752,Embryonal Carcinoma,None,Malignant Neoplasm
1,None,559,,General Qualifier,559,,General Qualifier,559,,None,559,,None,559,,"Grade Iv, Adenocarcinoma",1,X,-blank-,278,,-blank-,278,,-blank-,278,,-blank-,278,,Cancer,"Grade Iv, Adenocarcinoma",Adenocarcinoma,Carcinoma,Adjusted term,,"Grade Iv, Adenocarcinoma",None,Malignant Neoplasm
2,None,559,,General Qualifier,559,,General Qualifier,559,,None,559,,None,559,,Hepatocellular Carcinoma,1,,Malignant Hepatobiliary Neoplasm,1,,Epithelial Neoplasm,27,,Carcinoma,22,X,Malignant Neoplasm,297,X,Cancer,Carcinoma,Malignant Neoplasm,Carcinoma,High level,NCIT:C3099,Hepatocellular Carcinoma,None,Malignant Neoplasm
2,None,559,,General Qualifier,559,,General Qualifier,559,,None,559,,None,559,,Pancreatic Carcinoma,2,,Pancreatic Disorder,2,,Epithelial Neoplasm,27,,Carcinoma,22,X,Malignant Neoplasm,297,X,Cancer,Carcinoma,Malignant Neoplasm,Carcinoma,High level,NCIT:C3850,Pancreatic Carcinoma,None,Malignant Neoplasm
2,Thyroid Gland Papillary Carcinoma,6,,Adenocarcinoma,7,,Epithelial Neoplasm,25,,Endocrine System Disorder,26,,Epithelial Neoplasm,10,,Thyroid Gland Papillary Carcinoma,1,,Endocrine System Disorder,19,,Epithelial Neoplasm,27,,Carcinoma,22,X,Malignant Neoplasm,297,X,Cancer,Carcinoma,Malignant Neoplasm,Carcinoma,High level,NCIT:C4035,Thyroid Gland Papillary Carcinoma,Thyroid Gland Papillary Carcinoma,Malignant Neoplasm
2,Colon Undifferentiated Carcinoma,3,,Colon Neoplasm,30,,Digestive System Neoplasm,47,,Malignant Colon Neoplasm,27,X,Digestive System Disorder,73,X,None,1753,,General Qualifier,1753,,General Qualifier,1753,,None,1753,,None,1753,,Healthy/None,Malignant Colon Neoplasm,Digestive System Disorder,None,Adjusted term,NCIT:C41132,None,Colon Undifferentiated Carcinoma,None
2,Grade 1 Colon Adenocarcinoma,12,,Colon Neoplasm,30,,Digestive System Neoplasm,47,,Malignant Colon Neoplasm,27,X,Digestive System Disorder,73,X,None,1753,,General Qualifier,1753,,General Qualifier,1753,,None,1753,,None,1753,,Healthy/None,Digestive System Disorder,Malignant Colon Neoplasm,None,Adjusted term,NCIT:C41132,None,Grade 1 Colon Adenocarcinoma,None
2,Hilar Cholangiocarcinoma,2,,Hepatobiliary Neoplasm,4,X,Digestive System Neoplasm,47,,Glandular Cell Neoplasm,5,,Digestive System Disorder,73,X,None,1753,,General Qualifier,1753,,General Qualifier,1753,,None,1753,,None,1753,,Healthy/None,Hepatobiliary Neoplasm,Digestive System Disorder,None,Adjusted term,NCIT:C41132,None,Hilar Cholangiocarcinoma,None
0,Thyroid Gland Papillary Carcinoma,6,,Adenocarcinoma,7,,Epithelial Neoplasm,25,,Endocrine System Disorder,26,,Epithelial Neoplasm,10,,None,1753,,General Qualifier,1753,,General Qualifier,1753,,None,1753,,None,1753,,Healthy/None,Epithelial Neoplasm,Endocrine System Disorder,None,High level,NCIT:C41132,None,Thyroid Gland Papillary Carcinoma,None
1,Brain Oligodendroglioma,1,,Oligodendroglial Tumor,11,,Diffuse Glioma,13,,Diffuse Glioma,13,,Diffuse Glioma,13,,Brain Oligodendroglioma,1,,Diffuse Glioma,13,,Diffuse Glioma,13,,Diffuse Glioma,13,,Diffuse Glioma,6,X,Cancer,Brain Oligodendroglioma,Diffuse Glioma,Glioma,Adjusted term,NCIT:C9377,Brain Oligodendroglioma,Brain Oligodendroglioma,Disease or Disorder
2,Oligodendroglioma,5,,Oligodendroglial Tumor,11,,Diffuse Glioma,13,,Diffuse Glioma,13,,Diffuse Glioma,13,,Oligodendroglioma,5,X,Diffuse Glioma,13,X,Diffuse Glioma,13,,Diffuse Glioma,13,,Diffuse Glioma,6,,Cancer,Oligodendroglial Tumor,Diffuse Glioma,Glioma,Adjusted term,NCIT:C3288,Oligodendroglioma,Oligodendroglioma,Disease or Disorder
2,Adult Anaplastic Oligodendroglioma,4,,Oligodendroglial Tumor,11,,Diffuse Glioma,13,,Diffuse Glioma,13,,Diffuse Glioma,13,,Adult Anaplastic Oligodendroglioma,4,,Diffuse Glioma,13,,Diffuse Glioma,13,,Diffuse Glioma,13,X,Malignant Neoplasm,297,X,Cancer,Diffuse Glioma,Malignant Neoplasm,Glioma,Adjusted term,NCIT:C8270,Adult Anaplastic Oligodendroglioma,Adult Anaplastic Oligodendroglioma,Malignant Neoplasm
2,Anaplastic Oligodendroglioma,1,,Oligodendroglial Tumor,11,,Diffuse Glioma,13,,Diffuse Glioma,13,,Diffuse Glioma,13,,Anaplastic Oligodendroglioma,1,,Diffuse Glioma,13,,Diffuse Glioma,13,,Diffuse Glioma,13,X,Malignant Neoplasm,297,X,Cancer,Diffuse Glioma,Malignant Neoplasm,Glioma,Adjusted term,NCIT:C4326,Anaplastic Oligodendroglioma,Anaplastic Oligodendroglioma,Malignant Neoplasm
2,Glioblastoma,2,,Malignant Nervous System Neoplasm,2,,Diffuse Glioma,13,,Diffuse Glioma,13,,Diffuse Glioma,13,,Glioblastoma,2,,Diffuse Glioma,13,,Diffuse Glioma,13,,Diffuse Glioma,13,X,Malignant Neoplasm,297,X,Cancer,Diffuse Glioma,Malignant Neoplasm,Glioma,Adjusted term,NCIT:C3058,Glioblastoma,Glioblastoma,Malignant Neoplasm
2,Metastatic Malignant Neoplasm in the Liver,8,,Hepatobiliary Disorder,8,X,Digestive System Neoplasm,47,X,Hepatobiliary Disorder,8,,Digestive System Disorder,73,,Hepatic Steatosis,7,,Finding,13,,Finding,13,,Finding,13,,Finding,13,,Disease ,Hepatobiliary Disorder,Digestive System Disorder,Finding,Adjusted term,NCIT:C150596,Hepatic Steatosis,Metastatic Malignant Neoplasm in the Liver,
2,Metastatic Malignant Neoplasm in the Liver,8,,Hepatobiliary Disorder,8,X,Digestive System Neoplasm,47,X,Hepatobiliary Disorder,8,,Digestive System Disorder,73,,None,1753,,General Qualifier,1753,,General Qualifier,1753,,None,1753,,None,1753,,Healthy/None,Hepatobiliary Disorder,Digestive System Disorder,None,Adjusted term,NCIT:C41132,None,Metastatic Malignant Neoplasm in the Liver,None
2,-blank-,1471,,-blank-,1521,,-blank-,1521,,-blank-,1521,,-blank-,1521,,B Acute Lymphoblastic Leukemia with t(12;21)(p13.2;q22.1); ETV6-RUNX1,3,,Lymphoid Leukemia,144,X,Lymphoproliferative Disorder,185,,B Lymphoblastic Leukemia/Lymphoma with Recurrent Genetic Abnormalities,3,,Malignant Neoplasm,297,X,Cancer,Lymphoid Leukemia,Malignant Neoplasm,Leukemia,Adjusted term,NCIT:C80343,B Acute Lymphoblastic Leukemia with t(12;21)(p13.2;q22.1); ETV6-RUNX1,-blank-,Malignant Neoplasm
2,Acute Lymphoblastic Leukemia,17,,Lymphoid Leukemia,137,,Lymphoproliferative Disorder,178,,Precursor Lymphoid Neoplasm,27,,Leukemia,218,,Acute Lymphoblastic Leukemia,17,,Lymphoid Leukemia,144,X,Lymphoproliferative Disorder,185,,Acute Lymphoblastic Leukemia,17,,Malignant Neoplasm,297,X,Cancer,Lymphoid Leukemia,Malignant Neoplasm,Leukemia,Adjusted term,NCIT:C3167,Acute Lymphoblastic Leukemia,Acute Lymphoblastic Leukemia,Malignant Neoplasm
2,Acute Myeloid Leukemia,63,,Bone Marrow Disorder,81,,Leukemia,81,,Acute Myeloid Leukemia,63,,Leukemia,218,,Acute Myeloid Leukemia,63,,Bone Marrow Disorder,81,,Leukemia,82,X,Acute Myeloid Leukemia,63,,Malignant Neoplasm,297,X,Cancer,Leukemia,Malignant Neoplasm,Leukemia,High level,NCIT:C3171,Acute Myeloid Leukemia,Acute Myeloid Leukemia,Malignant Neoplasm
2,Acute Promyelocytic Leukemia with PML-RARA,13,,Bone Marrow Disorder,81,,Leukemia,81,,Acute Myeloid Leukemia with Recurrent Genetic Abnormalities,17,,Leukemia,218,,Acute Promyelocytic Leukemia with PML-RARA,13,,Bone Marrow Disorder,81,,Leukemia,82,X,Acute Myeloid Leukemia with Recurrent Genetic Abnormalities,17,,Malignant Neoplasm,297,X,Cancer,Leukemia,Malignant Neoplasm,Leukemia,High level,NCIT:C3182,Acute Promyelocytic Leukemia with PML-RARA,Acute Promyelocytic Leukemia with PML-RARA,Malignant Neoplasm
1,Chronic lymphocytic leukaemia stage A(II),3,,-blank-,1521,,-blank-,1521,,-blank-,1521,,-blank-,1521,,Chronic lymphocytic leukaemia stage A(II),1,X,-blank-,278,,-blank-,278,,-blank-,278,,-blank-,278,,Cancer,Chronic lymphocytic leukaemia stage A(II),Leukemia,Leukemia,Adjusted term,,Chronic lymphocytic leukaemia stage A(II),Chronic lymphocytic leukaemia stage A(II),Malignant Neoplasm
2,Chronic lymphocytic leukaemia stage A(II),3,,-blank-,1521,,-blank-,1521,,-blank-,1521,,-blank-,1521,,Chronic Lymphocytic Leukemia,109,,Lymphoid Leukemia,144,X,Lymphoproliferative Disorder,185,,Chronic Lymphocytic Leukemia,109,,Malignant Neoplasm,297,X,Cancer,Lymphoid Leukemia,Malignant Neoplasm,Leukemia,Adjusted term,NCIT:C3163,Chronic Lymphocytic Leukemia,Chronic lymphocytic leukaemia stage A(II),Malignant Neoplasm
2,Chronic Lymphocytic Leukemia,107,,Lymphoid Leukemia,137,,Lymphoproliferative Disorder,178,,Chronic Lymphocytic Leukemia,107,,Leukemia,218,,Chronic Lymphocytic Leukemia,109,,Lymphoid Leukemia,144,X,Lymphoproliferative Disorder,185,,Chronic Lymphocytic Leukemia,109,,Malignant Neoplasm,297,X,Cancer,Lymphoid Leukemia,Malignant Neoplasm,Leukemia,Adjusted term,NCIT:C3163,Chronic Lymphocytic Leukemia,Chronic Lymphocytic Leukemia,Malignant Neoplasm
1,Chronic lymphocytic leukemia of B-cell type in relapse,9,,-blank-,1521,,-blank-,1521,,-blank-,1521,,-blank-,1521,,Chronic lymphocytic leukemia of B-cell type in relapse,9,X,-blank-,278,,-blank-,278,,-blank-,278,,-blank-,278,,Cancer,Chronic Lymphocytic Leukemia,Leukemia,Leukemia,Adjusted term,,Chronic lymphocytic leukemia of B-cell type in relapse,Chronic lymphocytic leukemia of B-cell type in relapse,Malignant Neoplasm
2,None,559,,General Qualifier,559,,General Qualifier,559,,None,559,,None,559,,"Chronic Myelogenous Leukemia, BCR-ABL1 Positive",1,,Myeloid Leukemia,1,,Leukemia,82,X,Myeloproliferative Neoplasm,2,,Malignant Neoplasm,297,X,Cancer,Leukemia,Malignant Neoplasm,Leukemia,High level,NCIT:C3174,"Chronic Myelogenous Leukemia, BCR-ABL1 Positive",None,Malignant Neoplasm
2,None,559,,General Qualifier,559,,General Qualifier,559,,None,559,,None,559,,T Acute Lymphoblastic Leukemia,12,,Lymphoid Leukemia,144,X,Lymphoproliferative Disorder,185,,T/NK-Cell Lymphoproliferative Disorder,15,,Malignant Neoplasm,297,X,Cancer,Lymphoid Leukemia,Malignant Neoplasm,Leukemia,Adjusted term,NCIT:C3183,T Acute Lymphoblastic Leukemia,None,Malignant Neoplasm
2,"Philadelphia Chromosome Positive, BCR-ABL1 Positive Chronic Myelogenous Leukemia",1,,Bone Marrow Disorder,81,,Leukemia,81,,Myeloproliferative Neoplasm,1,,Leukemia,218,,"Philadelphia Chromosome Positive, BCR-ABL1 Positive Chronic Myelogenous Leukemia",1,,Bone Marrow Disorder,81,,Leukemia,82,X,Myeloproliferative Neoplasm,2,,Malignant Neoplasm,297,X,Cancer,Leukemia,Malignant Neoplasm,Leukemia,High level,NCIT:C9128,"Philadelphia Chromosome Positive, BCR-ABL1 Positive Chronic Myelogenous Leukemia","Philadelphia Chromosome Positive, BCR-ABL1 Positive Chronic Myelogenous Leukemia",Malignant Neoplasm
2,T Acute Lymphoblastic Leukemia,10,,Lymphoid Leukemia,137,,Lymphoproliferative Disorder,178,,Precursor Lymphoid Neoplasm,27,,Leukemia,218,,T Acute Lymphoblastic Leukemia,12,,Lymphoid Leukemia,144,X,Lymphoproliferative Disorder,185,,T/NK-Cell Lymphoproliferative Disorder,15,,Malignant Neoplasm,297,X,Cancer,Lymphoid Leukemia,Malignant Neoplasm,Leukemia,Adjusted term,NCIT:C3183,T Acute Lymphoblastic Leukemia,T Acute Lymphoblastic Leukemia,Malignant Neoplasm
2,T-Cell Prolymphocytic Leukemia,3,,Lymphoid Leukemia,137,,Lymphoproliferative Disorder,178,,T/NK-Cell Lymphoproliferative Disorder,3,,Leukemia,218,,T-Cell Prolymphocytic Leukemia,3,,Lymphoid Leukemia,144,X,Lymphoproliferative Disorder,185,,T/NK-Cell Lymphoproliferative Disorder,15,,Malignant Neoplasm,297,X,Cancer,Lymphoid Leukemia,Malignant Neoplasm,Leukemia,Adjusted term,NCIT:C4752,T-Cell Prolymphocytic Leukemia,T-Cell Prolymphocytic Leukemia,Malignant Neoplasm
2,Typical Acute Promyelocytic Leukemia,4,,Bone Marrow Disorder,81,,Leukemia,81,,Acute Myeloid Leukemia with Recurrent Genetic Abnormalities,17,,Leukemia,218,,Typical Acute Promyelocytic Leukemia,4,,Bone Marrow Disorder,81,,Leukemia,82,X,Acute Myeloid Leukemia with Recurrent Genetic Abnormalities,17,,Malignant Neoplasm,297,X,Cancer,Leukemia,Malignant Neoplasm,Leukemia,High level,NCIT:C27756,Typical Acute Promyelocytic Leukemia,Typical Acute Promyelocytic Leukemia,Malignant Neoplasm
3,None,559,,General Qualifier,559,,General Qualifier,559,,None,559,,None,559,,Large Cell Lymphoma; Mixed Lymphocytic-Histiocytic Lymphoma; Follicular B Cell Lymphoma,1,X,Neoplasm by Obsolete Classification,1,X,Neoplasm by Obsolete Classification,1,,Neoplasm by Obsolete Classification,1,,Neoplasm by Obsolete Classification,1,X,Cancer,Large Cell Lymphoma; Mixed Lymphocytic-Histiocytic Lymphoma; Follicular B Cell Lymphoma,Neoplasm by Obsolete Classification,Lymphoma,Adjusted term,NCIT:C3210,Large Cell Lymphoma; Mixed Lymphocytic-Histiocytic Lymphoma; Follicular B Cell Lymphoma,None,Malignant Neoplasm
2,Burkitt Lymphoma,3,,Non-Hodgkin Lymphoma by Clinical Course,15,,Lymphoproliferative Disorder,178,,Mature B-Cell Non-Hodgkin Lymphoma,15,,Lymphoproliferative Disorder,41,,Burkitt Lymphoma,3,,Non-Hodgkin Lymphoma by Clinical Course,14,,Lymphoproliferative Disorder,185,,Lymphoma,23,X,Malignant Neoplasm,297,X,Cancer,Lymphoma,Malignant Neoplasm,Lymphoma,High level,NCIT:C2912,Burkitt Lymphoma,Burkitt Lymphoma,Malignant Neoplasm
2,Diffuse Large B-Cell Lymphoma Activated B-Cell Type,3,,Non-Hodgkin Lymphoma by Clinical Course,15,,Lymphoproliferative Disorder,178,,Mature B-Cell Non-Hodgkin Lymphoma,15,,Lymphoproliferative Disorder,41,,Diffuse Large B-Cell Lymphoma Activated B-Cell Type,3,,Non-Hodgkin Lymphoma by Clinical Course,14,,Lymphoproliferative Disorder,185,,Lymphoma,23,X,Malignant Neoplasm,297,X,Cancer,Lymphoma,Malignant Neoplasm,Lymphoma,High level,NCIT:C36081,Diffuse Large B-Cell Lymphoma Activated B-Cell Type,Diffuse Large B-Cell Lymphoma Activated B-Cell Type,Malignant Neoplasm
2,Diffuse Large B-Cell Lymphoma Germinal Center B-Cell Type,5,,Diffuse Large B-Cell Lymphoma,5,,Lymphoproliferative Disorder,178,,Lymphoma,8,,Lymphoproliferative Disorder,41,,Diffuse Large B-Cell Lymphoma Germinal Center B-Cell Type,5,,Diffuse Large B-Cell Lymphoma,5,,Lymphoproliferative Disorder,185,,Lymphoma,23,X,Malignant Neoplasm,297,X,Cancer,Lymphoma,Malignant Neoplasm,Lymphoma,High level,NCIT:C36080,Diffuse Large B-Cell Lymphoma Germinal Center B-Cell Type,Diffuse Large B-Cell Lymphoma Germinal Center B-Cell Type,Malignant Neoplasm
2,Follicular Lymphoma,3,,Follicular Lymphoma,3,,Lymphoproliferative Disorder,178,,Lymphoma,8,,Lymphoproliferative Disorder,41,,Follicular Lymphoma,3,,Follicular Lymphoma,3,,Lymphoproliferative Disorder,185,,Lymphoma,23,X,Malignant Neoplasm,297,X,Cancer,Lymphoma,Malignant Neoplasm,Lymphoma,High level,NCIT:C3209,Follicular Lymphoma,Follicular Lymphoma,Malignant Neoplasm
2,Mantle Cell Lymphoma,7,,Non-Hodgkin Lymphoma by Clinical Course,15,,Lymphoproliferative Disorder,178,,Mature B-Cell Non-Hodgkin Lymphoma,15,X,Lymphoproliferative Disorder,41,,Mantle Cell Lymphoma,6,,Non-Hodgkin Lymphoma by Clinical Course,14,,Lymphoproliferative Disorder,185,X,Lymphoma,23,,Malignant Neoplasm,297,,Cancer,Lymphoma,Mature B-Cell Non-Hodgkin Lymphoma,Lymphoma,High level,NCIT:C4337,Mantle Cell Lymphoma,Mantle Cell Lymphoma,Malignant Neoplasm
1,Mantle Cell Lymphoma,7,,Non-Hodgkin Lymphoma by Clinical Course,15,,Lymphoproliferative Disorder,178,,Mature B-Cell Non-Hodgkin Lymphoma,15,X,Lymphoproliferative Disorder,41,,"Mantle cell lymphoma, unspecified site",1,,-blank-,278,,-blank-,278,,-blank-,278,,-blank-,278,,Cancer,Lymphoma,Mature B-Cell Non-Hodgkin Lymphoma,Lymphoma,Term from equivalent disease,,"Mantle cell lymphoma, unspecified site",Mantle Cell Lymphoma,
1,None,559,,General Qualifier,559,,General Qualifier,559,,None,559,,None,559,,B-Cell Lymphomas,3,X,-blank-,278,,-blank-,278,,-blank-,278,,-blank-,278,,Cancer,B-Cell Lymphomas,B-Cell Lymphomas,Lymphoma,Adjusted term,,B-Cell Lymphomas,None,
1,None,559,,General Qualifier,559,,General Qualifier,559,,None,559,,None,559,,B-Cell Non-Hodgkin Lymphoma,1,,B-Cell Non-Hodgkin Lymphoma,1,,Lymphoproliferative Disorder,185,,Lymphoma,23,,Malignant Neoplasm,297,X,Cancer,Lymphoma,Malignant Neoplasm,Lymphoma,High level,NCIT:C3457,B-Cell Non-Hodgkin Lymphoma,None,
1,None,559,,General Qualifier,559,,General Qualifier,559,,None,559,,None,559,,Refractory Immunoblastic B Cell Lymphoma Progressed From Follicular Centroblastic/centrocytic Lymphoma,1,X,-blank-,278,,-blank-,278,,-blank-,278,,-blank-,278,,Cancer,Refractory Immunoblastic B Cell Lymphoma Progressed From Follicular Centroblastic/centrocytic Lymphoma,Lymphoma,Lymphoma,Adjusted term,,Refractory Immunoblastic B Cell Lymphoma Progressed From Follicular Centroblastic/centrocytic Lymphoma,None,Malignant Neoplasm
2,Sporadic Burkitt Lymphoma,2,,Non-Hodgkin Lymphoma by Clinical Course,15,,Lymphoproliferative Disorder,178,,Mature B-Cell Non-Hodgkin Lymphoma,15,,Lymphoproliferative Disorder,41,,Sporadic Burkitt Lymphoma,2,,Non-Hodgkin Lymphoma by Clinical Course,14,,Lymphoproliferative Disorder,185,,Lymphoma,23,X,Malignant Neoplasm,297,X,Cancer,Lymphoma,Malignant Neoplasm,Lymphoma,High level,NCIT:C27914,Sporadic Burkitt Lymphoma,Sporadic Burkitt Lymphoma,Malignant Neoplasm
1,None,559,,General Qualifier,559,,General Qualifier,559,,None,559,,None,559,,Igak Myeloma,1,X,-blank-,278,,-blank-,278,,-blank-,278,,-blank-,278,,Cancer,Igak Myeloma,Myeloma,Myeloma,Adjusted term,,Igak Myeloma,None,Malignant Neoplasm
1,None,559,,General Qualifier,559,,General Qualifier,559,,None,559,,None,559,,Immunoglobulin A Lambda Myeloma,1,X,-blank-,278,,-blank-,278,,-blank-,278,,-blank-,278,,Cancer,Immunoglobulin A Lambda Myeloma,Myeloma,Myeloma,Adjusted term,,Immunoglobulin A Lambda Myeloma,None,Malignant Neoplasm
2,Plasma Cell Myeloma,18,,Plasma Cell Neoplasm,18,,Lymphoproliferative Disorder,178,,Plasma Cell Neoplasm,18,,Lymphoproliferative Disorder,41,,Plasma Cell Myeloma,18,,Plasma Cell Neoplasm,18,,Lymphoproliferative Disorder,185,,Plasma Cell Neoplasm,18,X,Malignant Neoplasm,297,X,Cancer,Plasma Cell Neoplasm,Malignant Neoplasm,Myeloma,Adjusted term,NCIT:C3242,Plasma Cell Myeloma,Plasma Cell Myeloma,Malignant Neoplasm
1,None,559,,General Qualifier,559,,General Qualifier,559,,None,559,,None,559,,Metastatic Neuroblastoma From Bone Marrow,2,X,-blank-,278,,-blank-,278,,-blank-,278,,-blank-,278,,Cancer,Metastatic Neuroblastoma From Bone Marrow,Neuroblastoma ,Neuroblastoma ,Adjusted term,,Metastatic Neuroblastoma From Bone Marrow,None,Malignant Neoplasm
2,Solid Pseudopapillary Neoplasm of the Pancreas,3,,Pancreatic Neoplasm,5,X,Digestive System Neoplasm,47,,Pancreatic Disorder,3,,Digestive System Disorder,73,X,Solid Pseudopapillary Neoplasm of the Pancreas,3,,-blank-,278,,-blank-,278,,-blank-,278,,-blank-,278,,Cancer,Pancreatic Neoplasm,Digestive System Disorder,Pancreatic Neoplasm,High level,,Solid Pseudopapillary Neoplasm of the Pancreas,Solid Pseudopapillary Neoplasm of the Pancreas,Malignant Neoplasm
1,None,559,,General Qualifier,559,,General Qualifier,559,,None,559,,None,559,,Ewing Sarcoma/Peripheral Primitive Neuroectodermal Tumor,1,,Embryonal Neoplasm,1,X,Embryonal Neoplasm,1,,Embryonal Neoplasm,1,,Embryonal Neoplasm,1,,Cancer,Embryonal Neoplasm,Embryonal Neoplasm,Sarcoma,Adjusted term,NCIT:C27291,Ewing Sarcoma/Peripheral Primitive Neuroectodermal Tumor,None,Malignant Neoplasm
1,Anoxia,21,,Finding,37,,Finding,37,,Sign or Symptom,21,,Finding,37,,Anoxia,2,X,Finding,13,,Finding,13,,Finding,13,,Finding,13,,Disease ,Anoxia,Anoxia,Finding,Same donor and disease,NCIT:C2876,Anoxia,Anoxia,Disease or Disorder
1,Anoxia,21,X,Finding,37,,Finding,37,,Sign or Symptom,21,,Finding,37,,None,1753,,General Qualifier,1753,,General Qualifier,1753,,None,1753,,None,1753,,Healthy/None,Anoxia,Anoxia,None,Same donor and disease,NCIT:C41132,None,Anoxia,None
1,-blank-,1471,,-blank-,1521,,-blank-,1521,,-blank-,1521,,-blank-,1521,,Rheumatoid Arthritis,36,,Autoimmune Disease,111,,Non-Neoplastic Disorder,82,,Rheumatoid Arthritis,36,,Autoimmune Disease,111,X,Disease ,Autoimmune Disease,Autoimmune Disease,Autoimmune Disease,High level,NCIT:C2884,Rheumatoid Arthritis,-blank-,Disease or Disorder
2,-blank-,1471,,-blank-,1521,,-blank-,1521,,-blank-,1521,,-blank-,1521,,Scleroderma,51,,Autoimmune Disease,111,,Autoimmune Disease,75,,Scleroderma,51,X,Autoimmune Disease,111,X,Disease ,Scleroderma,Autoimmune Disease,Autoimmune Disease,High level,NCIT:C26746,Scleroderma,-blank-,Disease or Disorder
2,-blank-,1471,,-blank-,1521,,-blank-,1521,,-blank-,1521,,-blank-,1521,,Systemic Lupus Erythematosus,24,,Autoimmune Disease,111,,Autoimmune Disease,75,,Systemic Lupus Erythematosus,24,X,Autoimmune Disease,111,X,Disease ,Systemic Lupus Erythematosus,Autoimmune Disease,Autoimmune Disease,High level,NCIT:C3201,Systemic Lupus Erythematosus,-blank-,Disease or Disorder
2,Benign Muscle Neoplasm,3,,Benign Connective and Soft Tissue Neoplasm,3,X,Benign Neoplasm,3,,Benign Neoplasm,6,,Benign Neoplasm,3,X,None,1753,,General Qualifier,1753,,General Qualifier,1753,,None,1753,,None,1753,,Healthy/None,Benign Connective and Soft Tissue Neoplasm,Benign Neoplasm,None,High level,NCIT:C41132,None,Benign Muscle Neoplasm,None
2,-blank-,1471,,-blank-,1521,,-blank-,1521,,-blank-,1521,,-blank-,1521,,Coronary Artery Disease,2,,Non-Neoplastic Thoracic Disorder,8,,Non-Neoplastic Disorder,82,,Non-Neoplastic Thoracic Disorder,8,X,Non-Neoplastic Disorder,42,X,Disease ,Non-Neoplastic Thoracic Disorder,Non-Neoplastic Disorder,Cardiovascular Disorder,Adjusted term,NCIT:C26732,Coronary Artery Disease,-blank-,Disease or Disorder
2,None,559,,General Qualifier,559,,General Qualifier,559,,None,559,,None,559,,Carotid Artery Stenosis,1,X,Cardiovascular Disorder,1,,Cardiovascular Disorder,1,,Cardiovascular Disorder,1,,Cardiovascular Disorder,1,X,Disease ,Carotid Artery Stenosis,Cardiovascular Disorder,Cardiovascular Disorder,High level,NCIT:C95804,Carotid Artery Stenosis,None,Disease or Disorder
2,Carotid Artery Stenosis,4,X,Cardiovascular Disorder,4,,Cardiovascular Disorder,4,,Cardiovascular Disorder,4,,Cardiovascular Disorder,4,X,None,1753,,General Qualifier,1753,,General Qualifier,1753,,None,1753,,None,1753,,Healthy/None,Carotid Artery Stenosis,Cardiovascular Disorder,None,High level,NCIT:C41132,None,Carotid Artery Stenosis,None
1,-blank-,1471,,-blank-,1521,,-blank-,1521,,-blank-,1521,,-blank-,1521,,Childhood cerebral X-linked adrenoleukodystrophy,3,X,-blank-,278,,-blank-,278,,-blank-,278,,-blank-,278,,Disease ,Childhood cerebral X-linked adrenoleukodystrophy,Childhood cerebral X-linked adrenoleukodystrophy,Childhood cerebral X-linked adrenoleukodystrophy,Same disease,,Childhood cerebral X-linked adrenoleukodystrophy,-blank-,Disease or Disorder
2,Colon Adenoma,3,,Colon Neoplasm,30,X,Epithelial Neoplasm,25,,Benign Neoplasm,6,,Digestive System Disorder,73,X,Colon Adenoma,1,,Colorectal Neoplasm,8,,Epithelial Neoplasm,27,,Intestinal Disorder,1,,Epithelial Neoplasm,5,,Disease ,Colon Neoplasm,Digestive System Disorder,Colon Neoplasm,High level,NCIT:C3864,Colon Adenoma,Colon Adenoma,Disease or Disorder
2,Colon Adenoma,3,,Colon Neoplasm,30,X,Epithelial Neoplasm,25,,Benign Neoplasm,6,,Digestive System Disorder,73,X,None,1753,,General Qualifier,1753,,General Qualifier,1753,,None,1753,,None,1753,,Healthy/None,Colon Neoplasm,Digestive System Disorder,None,High level,NCIT:C41132,None,Colon Adenoma,None
2,-blank-,1471,,-blank-,1521,,-blank-,1521,,-blank-,1521,,-blank-,1521,,Myositis,12,,Connective and Soft Tissue Disorder,13,X,Non-Neoplastic Disorder,82,,Rare Disorder,17,,Non-Neoplastic Disorder,42,X,Disease ,Connective and Soft Tissue Disorder,Non-Neoplastic Disorder,Connective and Soft Tissue Disorder,High level,NCIT:C27578,Myositis,-blank-,Disease or Disorder
2,None,559,,General Qualifier,559,,General Qualifier,559,,None,559,,None,559,,Osteomyelitis,1,,Connective and Soft Tissue Disorder,13,X,Non-Neoplastic Disorder,82,,Musculoskeletal Disorder,1,,Non-Neoplastic Disorder,42,X,Disease ,Connective and Soft Tissue Disorder,Non-Neoplastic Disorder,Connective and Soft Tissue Disorder,High level,NCIT:C27577,Osteomyelitis,None,Disease or Disorder
1,-blank-,1471,,-blank-,1521,,-blank-,1521,,-blank-,1521,,-blank-,1521,,Ulcerative Colitis,2,,Non-Neoplastic Digestive System Disorder,3,,Non-Neoplastic Disorder,82,,Non-Neoplastic Digestive System Disorder,3,,Non-Neoplastic Disorder,42,X,Disease ,Non-Neoplastic Digestive System Disorder,Non-Neoplastic Disorder,Digestive System Disorder,Adjusted term,NCIT:C2952,Ulcerative Colitis,-blank-,Disease or Disorder
1,Diverticulitis of rectosigmoid,4,X,-blank-,1521,,-blank-,1521,,-blank-,1521,,-blank-,1521,,Diverticulitis of rectosigmoid,1,,-blank-,278,,-blank-,278,,-blank-,278,,-blank-,278,,Disease ,Diverticulitis of rectosigmoid,Diverticulitis of rectosigmoid,Digestive System Disorder,Adjusted term,,Diverticulitis of rectosigmoid,Diverticulitis of rectosigmoid,Disease or Disorder
2,None,559,,General Qualifier,559,,General Qualifier,559,,None,559,,None,559,,Diverticulitis,1,,Non-Neoplastic Digestive System Disorder,3,,Non-Neoplastic Disorder,82,,Non-Neoplastic Digestive System Disorder,3,X,Non-Neoplastic Disorder,42,X,Disease ,Non-Neoplastic Digestive System Disorder,Non-Neoplastic Disorder,Digestive System Disorder,Adjusted term,NCIT:C26752,Diverticulitis,None,Disease or Disorder
1,Diverticulitis of rectosigmoid,4,X,-blank-,1521,,-blank-,1521,,-blank-,1521,,-blank-,1521,,None,1753,,General Qualifier,1753,,General Qualifier,1753,,None,1753,,None,1753,,Healthy/None,Diverticulitis of rectosigmoid,Diverticulitis of rectosigmoid,None,Adjusted term,NCIT:C41132,None,Diverticulitis of rectosigmoid,None
2,Follicular adenoma,4,,-blank-,1521,,-blank-,1521,,-blank-,1521,,-blank-,1521,,Thyroid Gland Follicular Adenoma,4,,Endocrine System Disorder,19,,Epithelial Neoplasm,27,,Endocrine System Disorder,18,X,Epithelial Neoplasm,5,X,Disease ,Epithelial Neoplasm,Endocrine System Disorder,Endocrine System Disorder,High level,NCIT:C3502,Thyroid Gland Follicular Adenoma,Follicular adenoma,Disease or Disorder
1,Follicular adenoma,4,X,-blank-,1521,,-blank-,1521,,-blank-,1521,,-blank-,1521,,None,1753,,General Qualifier,1753,,General Qualifier,1753,,None,1753,,None,1753,,Healthy/None,Follicular adenoma,Follicular adenoma,None,Same donor,NCIT:C41132,None,Follicular adenoma,None
4,Goiter,8,,Non-Neoplastic Endocrine Disorder,19,,Non-Neoplastic Disorder,44,,Endocrine System Disorder,26,X,Non-Neoplastic Disorder,33,X,Goiter,4,,Endocrine System Disorder,19,,Non-Neoplastic Disorder,82,,Endocrine System Disorder,18,X,Non-Neoplastic Disorder,42,X,Disease ,Endocrine System Disorder,Non-Neoplastic Disorder,Endocrine System Disorder,High level,NCIT:C26785,Goiter,Goiter,Disease or Disorder
2,Goiter,8,,Non-Neoplastic Endocrine Disorder,19,,Non-Neoplastic Disorder,44,,Endocrine System Disorder,26,X,Non-Neoplastic Disorder,33,X,None,1753,,General Qualifier,1753,,General Qualifier,1753,,None,1753,,None,1753,,Healthy/None,Endocrine System Disorder,Non-Neoplastic Disorder,None,High level,NCIT:C41132,None,Goiter,None
3,Type 1 Diabetes Mellitus,4,,Non-Neoplastic Endocrine Disorder,19,,Non-Neoplastic Disorder,44,,Endocrine System Disorder,26,X,Digestive System Disorder,73,X,Type 1 Diabetes Mellitus,4,,Endocrine System Disorder,19,,Non-Neoplastic Disorder,82,,Endocrine System Disorder,18,X,Immune System and Related Disorders,4,,Disease ,Endocrine System Disorder,Digestive System Disorder,Endocrine System Disorder,High level,NCIT:C2986,Type 1 Diabetes Mellitus,Type 1 Diabetes Mellitus,Disease or Disorder
2,Type 2 Diabetes Mellitus,7,,Non-Neoplastic Endocrine Disorder,19,,Non-Neoplastic Disorder,44,,Endocrine System Disorder,26,X,Digestive System Disorder,73,X,Type 2 Diabetes Mellitus,7,,-blank-,278,,-blank-,278,,-blank-,278,,-blank-,278,,Disease ,Endocrine System Disorder,Digestive System Disorder,Endocrine System Disorder,High level,NCIT:C26747,Type 2 Diabetes Mellitus,Type 2 Diabetes Mellitus,Disease or Disorder
3,Type 2 Diabetes Mellitus,7,,Non-Neoplastic Endocrine Disorder,19,,Non-Neoplastic Disorder,44,,Endocrine System Disorder,26,X,Digestive System Disorder,73,X,Type 2 Diabetes Mellitus,7,,Endocrine System Disorder,19,,Non-Neoplastic Disorder,82,,Endocrine System Disorder,18,X,Non-Neoplastic Disorder,42,,Disease ,Endocrine System Disorder,Digestive System Disorder,Endocrine System Disorder,High level,,Type 2 Diabetes Mellitus,Type 2 Diabetes Mellitus,Disease or Disorder
2,Complete Hydatidiform Mole,3,,Genitourinary System Disorder,11,,Non-Neoplastic Disorder,44,,Genitourinary System Disorder,10,,Non-Neoplastic Disorder,33,,Complete Hydatidiform Mole,3,,Genitourinary System Disorder,14,,Non-Neoplastic Disorder,82,,Genitourinary System Disorder,5,X,Non-Neoplastic Disorder,42,X,Disease ,Genitourinary System Disorder,Non-Neoplastic Disorder,Genitourinary System Disorder,High level,NCIT:C4871,Complete Hydatidiform Mole,Complete Hydatidiform Mole,Disease or Disorder
2,Hydatidiform Mole,2,,Genitourinary System Disorder,11,X,Genitourinary System Disorder,2,,Genitourinary System Disorder,10,,Genitourinary System Disorder,2,,Hydatidiform Mole,2,,Genitourinary System Disorder,14,,Genitourinary System Disorder,2,,Genitourinary System Disorder,5,,Genitourinary System Disorder,2,X,Disease ,Genitourinary System Disorder,Genitourinary System Disorder,Genitourinary System Disorder,High level,NCIT:C3110,Hydatidiform Mole,Hydatidiform Mole,Disease or Disorder
2,Hypertensive Nephropathy,5,,Genitourinary System Disorder,11,X,Non-Neoplastic Disorder,44,X,Genitourinary System Disorder,10,,Non-Neoplastic Disorder,33,,Hypertensive Nephropathy,5,,-blank-,278,,-blank-,278,,-blank-,278,,-blank-,278,,Disease ,Genitourinary System Disorder,Non-Neoplastic Disorder,Genitourinary System Disorder,High level,,Hypertensive Nephropathy,Hypertensive Nephropathy,Disease or Disorder
2,Kidney Oncocytoma,1,,Genitourinary System Disorder,11,X,Epithelial Neoplasm,25,X,Glandular Cell Neoplasm,5,,Epithelial Neoplasm,10,,Kidney Oncocytoma,1,,-blank-,278,,-blank-,278,,-blank-,278,,-blank-,278,,Disease ,Genitourinary System Disorder,Epithelial Neoplasm,Genitourinary System Disorder,High level,,Kidney Oncocytoma,Kidney Oncocytoma,Disease or Disorder
2,Liver Cavernous Hemangioma,1,,Hepatobiliary Neoplasm,4,X,Digestive System Neoplasm,47,X,Hepatobiliary Neoplasm,2,,Digestive System Disorder,73,,Hepatic Steatosis,7,,Finding,13,,Finding,13,,Finding,13,,Finding,13,,Disease ,Hepatobiliary Neoplasm,Digestive System Disorder,Finding,High level,NCIT:C150596,Hepatic Steatosis,Liver Cavernous Hemangioma,Disease or Disorder
2,Liver Hemangioma,1,,Hepatobiliary Neoplasm,4,X,Digestive System Neoplasm,47,X,Hepatobiliary Neoplasm,2,,Digestive System Disorder,73,,None,1753,,General Qualifier,1753,,General Qualifier,1753,,None,1753,,None,1753,,Healthy/None,Hepatobiliary Neoplasm,Digestive System Disorder,None,High level,NCIT:C41132,None,Liver Hemangioma,None
1,-blank-,1471,,-blank-,1521,,-blank-,1521,,-blank-,1521,,-blank-,1521,,Leigh Disease,5,,Rare Disorder,5,,Non-Neoplastic Disorder,82,,Rare Disorder,17,,Non-Neoplastic Disorder,42,X,Disease ,Non-Neoplastic Disorder,Non-Neoplastic Disorder,Non-Neoplastic Disorder,High level,NCIT:C84814,Leigh Disease,-blank-,Disease or Disorder
2,Pancreatic Mucinous-Cystic Neoplasm,1,,Pancreatic Neoplasm,5,X,Digestive System Neoplasm,47,,Glandular Cell Neoplasm,5,,Digestive System Disorder,73,X,Pancreatic Mucinous-Cystic Neoplasm,1,,-blank-,278,,-blank-,278,,-blank-,278,,-blank-,278,,Disease ,Pancreatic Neoplasm,Digestive System Disorder,Pancreatic Neoplasm,High level,,Pancreatic Mucinous-Cystic Neoplasm,Pancreatic Mucinous-Cystic Neoplasm,Disease or Disorder
2,Pancreatic Neuroendocrine Tumor G1,1,,Pancreatic Neoplasm,5,X,Digestive System Neoplasm,47,,Endocrine System Disorder,26,,Digestive System Disorder,73,X,Pancreatic Neuroendocrine Tumor G1,1,,-blank-,278,,-blank-,278,,-blank-,278,,-blank-,278,,Disease ,Pancreatic Neoplasm,Digestive System Disorder,Pancreatic Neoplasm,High level,,Pancreatic Neuroendocrine Tumor G1,Pancreatic Neuroendocrine Tumor G1,Disease or Disorder
2,Autism Spectrum Disorder,139,,Psychiatric Disorder,139,,Psychiatric Disorder,139,,Autism Spectrum Disorder,139,,Psychiatric Disorder,139,,Autism Spectrum Disorder,139,X,Psychiatric Disorder,139,,Psychiatric Disorder,139,,Autism Spectrum Disorder,139,,Psychiatric Disorder,139,X,Disease ,Autism Spectrum Disorder,Psychiatric Disorder,Psychiatric Disorder,High level,NCIT:C88412,Autism Spectrum Disorder,Autism Spectrum Disorder,Disease or Disorder
1,None,559,,General Qualifier,559,,General Qualifier,559,,None,559,,None,559,,Bipolar Disorder::Iron Deficiency,2,X,"Disease, Disorder or Finding",2,,"Disease, Disorder or Finding",2,,"Disease, Disorder or Finding",2,,"Disease, Disorder or Finding",2,,Disease ,Bipolar Disorder::Iron Deficiency,Bipolar Disorder::Iron Deficiency,Psychiatric Disorder,Adjusted term,NCIT:C34423::NCIT:C158814,Bipolar Disorder::Iron Deficiency,None,Disease or Disorder
1,-blank-,1471,,-blank-,1521,,-blank-,1521,,-blank-,1521,,-blank-,1521,,Asthma,1,,Non-Neoplastic Thoracic Disorder,8,,Non-Neoplastic Disorder,82,,Non-Neoplastic Thoracic Disorder,8,X,Non-Neoplastic Disorder,42,,Disease ,Non-Neoplastic Thoracic Disorder,Non-Neoplastic Disorder,Respiratory System Disorder,Adjusted term,NCIT:C28397,Asthma,-blank-,Disease or Disorder
2,Pneumonia,17,,Non-Neoplastic Respiratory System Disorder,17,,Non-Neoplastic Disorder,44,,Non-Neoplastic Respiratory System Disorder,17,,Non-Neoplastic Disorder,33,,Pneumonia,5,,Non-Neoplastic Thoracic Disorder,8,,Non-Neoplastic Disorder,82,,Non-Neoplastic Thoracic Disorder,8,X,Non-Neoplastic Disorder,42,X,Disease ,Non-Neoplastic Thoracic Disorder,Non-Neoplastic Disorder,Respiratory System Disorder,Adjusted term,NCIT:C3333,Pneumonia,Pneumonia,Disease or Disorder
2,Pneumonia,17,,Non-Neoplastic Respiratory System Disorder,17,X,Non-Neoplastic Disorder,44,X,Non-Neoplastic Respiratory System Disorder,17,,Non-Neoplastic Disorder,33,,None,1753,,General Qualifier,1753,,General Qualifier,1753,,None,1753,,None,1753,,Healthy/None,Non-Neoplastic Respiratory System Disorder,Non-Neoplastic Disorder,None,Adjusted term,NCIT:C41132,None,Pneumonia,None
1,None,559,,General Qualifier,559,,General Qualifier,559,,None,559,,None,559,,Submaxillar Tumor,1,X,-blank-,278,,-blank-,278,,-blank-,278,,-blank-,278,,Disease ,Submaxillar Tumor,Submaxillar Tumor,Submaxillar Tumor,Same disease,,Submaxillar Tumor,None,Disease or Disorder
2,Complete Trisomy 18 Syndrome,1,X,Syndrome,1,X,Syndrome,1,,Syndrome,1,,Syndrome,1,,None,1753,,General Qualifier,1753,,General Qualifier,1753,,None,1753,,None,1753,,Disease ,Complete Trisomy 18 Syndrome,Syndrome,Trisomy 18,Adjusted term,NCIT:C41132,None,Complete Trisomy 18 Syndrome,Disease or Disorder
1,-blank-,1471,X,-blank-,1521,,-blank-,1521,,-blank-,1521,,-blank-,1521,,-blank-,220,,-blank-,278,,-blank-,278,,-blank-,278,,-blank-,278,,Healthy/None,-blank-,-blank-,None,-blank-,,-blank-,-blank-,None
1,Disease type AND/OR category unknown,5,X,-blank-,1521,,-blank-,1521,,-blank-,1521,,-blank-,1521,,None,1753,,General Qualifier,1753,,General Qualifier,1753,,None,1753,,None,1753,,Healthy/None,Disease type AND/OR category unknown,Disease type AND/OR category unknown,None,Disease type AND/OR category unknown,NCIT:C41132,None,Disease type AND/OR category unknown,None
1,-blank-,1471,,-blank-,1521,,-blank-,1521,,-blank-,1521,,-blank-,1521,,Head Injury,4,X,Finding,13,,Finding,13,,Finding,13,,Finding,13,,Healthy/None,Head Injury,Head Injury,Finding,Same disease,NCIT:C34660,Head Injury,-blank-,None
1,Head Injury,12,X,Finding,37,,Finding,37,,Finding by Site or System,16,,Finding,37,,None,1753,,General Qualifier,1753,,General Qualifier,1753,,None,1753,,None,1753,,Healthy/None,Head Injury,Head Injury,None,Same donor,NCIT:C41132,None,Head Injury,None
1,Head Injury::Suicide and self-inflicted injury by gunshot NOS,4,X,Finding,37,,Finding,37,,Finding by Site or System,16,,Finding,37,,None,1753,,General Qualifier,1753,,General Qualifier,1753,,None,1753,,None,1753,,Healthy/None,Head Injury,Head Injury,None,Same donor,NCIT:C41132,None,Head Injury::Suicide and self-inflicted injury by gunshot NOS,None
1,-blank-,1471,,-blank-,1521,,-blank-,1521,,-blank-,1521,,-blank-,1521,,None,1753,,General Qualifier,1753,,General Qualifier,1753,,None,1753,,None,1753,X,Healthy/None,None,Healthy,None,High level,NCIT:C41132,None,-blank-,None
1,None,559,X,General Qualifier,559,,General Qualifier,559,,None,559,,None,559,,None,1753,,General Qualifier,1753,,General Qualifier,1753,,None,1753,,None,1753,,Healthy/None,None,None,None,None,NCIT:C41132,None,None,None
1,-blank-,1471,,-blank-,1521,,-blank-,1521,,-blank-,1521,,-blank-,1521,,Nonpenetrating Wounds,11,X,-blank-,278,,-blank-,278,,-blank-,278,,-blank-,278,,Healthy/None,Nonpenetrating Wounds,Nonpenetrating Wounds,Finding,Same disease,,Nonpenetrating Wounds,-blank-,None
1,Nonpenetrating Wounds,16,X,-blank-,1521,,-blank-,1521,,-blank-,1521,,-blank-,1521,,None,1753,,General Qualifier,1753,,General Qualifier,1753,,None,1753,,None,1753,,Healthy/None,Nonpenetrating Wounds,Nonpenetrating Wounds,None,Same donor,NCIT:C41132,None,Nonpenetrating Wounds,None
1,None,559,,General Qualifier,559,,General Qualifier,559,,None,559,,None,559,,Polysubstance abuse,6,X,-blank-,278,,-blank-,278,,-blank-,278,,-blank-,278,,Healthy/None,Polysubstance abuse,Polysubstance abuse,None,Same disease,,Polysubstance abuse,None,None